0.0,0.0,0.0,0.0,0.0,0.0,0.0,0.0,0.0,0.0,0.0,0.0,0.0,0.0,0.0,0.0,0.0,0.0,0.0,0.0
0.0,0.0,0.0,0.0,0.0,0.7566209754626672,0.5298484730351822,0.31921445785355584,0.6801987115694663,0.7585121581507687,0.42428165405322427,0.0,0.0,0.0,0.0,0.0,0.0,0.0,0.0,0.0
0.0,0.0,0.0,0.0,0.0,0.6804767140088056,0.5298484730351822,0.31921445785355584,0.7998720399075353,0.7491014584850106,0.41085895224445323,0.0,0.0,0.0,0.0,0.0,0.0,0.0,0.0,0.0
0.0,0.0,0.0,0.0,0.0,0.654114620540532,0.7808081705604343,0.31921445785355584,0.6011143507385689,0.7491014584850106,0.41085895224445323,0.0,0.0,0.0,0.0,0.0,0.0,0.0,0.0,0.0
0.0,0.0,0.0,0.0,0.0,0.654114620540532,0.7732587852813713,0.2823977368218729,0.6011143507385689,0.6562573104701501,0.21837224748354742,0.0,0.0,0.0,0.0,0.0,0.0,0.0,0.0,0.0
0.0,0.0,0.0,0.0,0.0,0.654114620540532,0.7619558059358724,0.47613591227913105,0.6011143507385689,0.6562573104701501,0.21837224748354742,0.0,0.0,0.0,0.0,0.0,0.0,0.0,0.0,0.0
0.0,0.0,0.0,0.0,0.0,0.6550606404099866,0.7595336696631788,0.604975465093907,0.6011143507385689,0.6562573104701501,0.21837224748354742,0.0,0.0,0.0,0.0,0.0,0.0,0.0,0.0,0.0
0.0,0.0,0.0,0.0,0.0,0.5599755130176229,0.7595336696631788,0.604975465093907,0.6011143507385689,0.6562573104701501,0.21837224748354742,0.0016703845912613329,0.0,0.0,0.0,0.0,0.0,0.0,0.0,0.0
0.0,0.0,0.0,0.0,0.0,0.5599755130176229,0.7578722917415169,0.604975465093907,0.6011143507385689,0.6562573104701501,0.21837224748354742,0.0016703845912613329,0.0,0.0,0.0,0.0,0.0,0.0,0.0,0.0
0.0,0.0,0.0,0.6026129840757364,0.0,0.5599755130176229,0.7051388991954081,0.604975465093907,0.6011143507385689,0.6562573104701501,0.21895720483313222,0.0016703845912613329,0.0,0.0,0.0,0.0,0.0,0.0,0.0,0.0
0.0,0.0,0.0,0.6026129840757364,0.0,0.5599755130176229,0.6925650907476112,0.5862616842228722,0.6011143507385689,0.6562573104701501,0.21895720483313222,0.0016703845912613329,0.0,0.0,0.0,0.0,0.0,0.0,0.0,0.0
0.0,0.0,0.0,0.6026129840757364,0.0,0.5599755130176229,0.6925650907476112,0.5862616842228722,0.6011143507385689,0.6562573104701501,0.21895720483313222,0.0016703845912613329,0.0,0.0,0.0,0.0,0.0,0.0,0.0,0.0
0.0,0.0,0.0,0.6026129840757364,0.0,0.8176043813808186,0.7080384526000114,0.5886895197705453,0.5943596382492389,0.6517926927317181,0.21153492670319554,0.0016703845912613329,0.0,0.0,0.0,0.0,0.0,0.0,0.0,0.0
0.0,0.0,0.0,0.6026129840757364,0.0,0.797162934370941,0.6298217725928631,0.5886895197705453,0.5943596382492389,0.6517926927317181,0.21153492670319554,0.0016703845912613329,0.0,0.0,0.0,0.0,0.0,0.0,0.0,0.0
0.0,0.0,0.0,0.6026129840757364,0.0,0.797162934370941,0.6189254601656358,0.5886895197705453,0.5701504437875657,0.555302421064494,0.2345345327451833,0.278344843832498,0.0,0.0,0.0,0.0,0.0,0.0,0.0,0.0
0.0,0.0,0.0,0.6026129840757364,0.0,0.797162934370941,0.6189254601656358,0.5886895197705453,0.5701504437875657,0.555302421064494,0.2345345327451833,0.278344843832498,0.0,0.0,0.0,0.0,0.0,0.0,0.0,0.0
0.0,0.0,0.0,0.591106723650649,0.1196752639914317,0.5798694891558496,0.5082200397734437,0.5645352781226516,0.5741457670930217,0.5535059357231767,0.28468888749893617,0.278344843832498,0.4575788715496416,0.0,0.0,0.0,0.0,0.0,0.0,0.0
0.0,0.0,0.0,0.591106723650649,0.1196752639914317,0.5788814843461842,0.5082200397734437,0.5645352781226516,0.5741457670930217,0.5535059357231767,0.28468888749893617,0.278344843832498,0.4575788715496416,0.0,0.0,0.0,0.0,0.0,0.0,0.0
0.0,0.0,0.0,0.591106723650649,0.1196752639914317,0.5739320954452232,0.5082200397734437,0.5605366112163784,0.5707008649736522,0.5535059357231767,0.28468888749893617,0.278344843832498,0.4575788715496416,0.0,0.0,0.0,0.0,0.0,0.0,0.0
0.0,0.0,0.0,0.591106723650649,0.1196752639914317,0.5739320954452232,0.5004523753452632,0.49729660036098394,0.5707008649736522,0.5535059357231767,0.28468888749893617,0.278344843832498,0.08327284418183922,0.0,0.0,0.0,0.0,0.0,0.0,0.0
0.0,0.0,0.0,0.591106723650649,0.1196752639914317,0.6072791025300197,0.5044640076053368,0.49729660036098394,0.5707008649736522,0.5535059357231767,0.23166233796023053,0.278344843832498,0.08327284418183922,0.0,0.0,0.0,0.0,0.0,0.0,0.0
0.0,0.0,0.0,0.591106723650649,0.1196752639914317,0.607587709164707,0.5044078110469457,0.49611424919033614,0.5707008649736522,0.5261492565491745,0.3315943450542646,0.278344843832498,0.08327284418183922,0.0,0.0,0.0,0.0,0.0,0.0,0.0
0.0,0.0,0.0,0.591106723650649,0.1196752639914317,0.6072200889100396,0.5031448019574871,0.5039749789692649,0.5707008649736522,0.5261492565491745,0.3315943450542646,0.278344843832498,0.08327284418183922,0.0,0.0,0.0,0.0,0.0,0.0,0.0
0.0,0.0,0.0,0.591106723650649,0.1196752639914317,0.6072200889100396,0.5031448019574871,0.5039749789692649,0.5707008649736522,0.5261492565491745,0.3315943450542646,0.278344843832498,0.08327284418183922,0.0,0.0,0.0,0.0,0.0,0.0,0.0
0.0,0.0,0.0,0.591106723650649,0.11821684845384808,0.6051232876993655,0.5063472749831153,0.5039749789692649,0.5707008649736522,0.5261492565491745,0.3315943450542646,0.278344843832498,0.08327284418183922,0.0,0.0,0.0,0.0,0.0,0.0,0.0
0.0,0.0,0.0,0.591106723650649,0.11821684845384808,0.6051232876993655,0.5063472749831153,0.5039749789692649,0.5707008649736522,0.5261492565491745,0.3315943450542646,0.278344843832498,0.08327284418183922,0.0,0.0,0.0,0.0,0.0,0.0,0.0
0.0,0.0,0.0,0.3742050409149548,0.2749394543426452,0.6051232876993655,0.5063472749831153,0.5039749789692649,0.5707008649736522,0.5261492565491745,0.3315943450542646,0.278344843832498,0.08327284418183922,0.0,0.0,0.0,0.0,0.0,0.0,0.0
0.0,0.0,0.0,0.3742050409149548,0.2749394543426452,0.6051232876993655,0.5063472749831153,0.509762423468865,0.5707008649736522,0.5114769039268033,0.31834693443178436,0.5338089922750869,0.3937876425076624,0.14842543673067443,0.0,0.0,0.0,0.0,0.0,0.0
0.0,0.0,0.0,0.3742050409149548,0.2766795815627564,0.6051232876993655,0.5089220699231124,0.509762423468865,0.5707008649736522,0.5106011020954405,0.31534177399797175,0.5338089922750869,0.3937876425076624,0.14842543673067443,0.0,0.0,0.0,0.0,0.0,0.0
0.0,0.0,0.0,0.3742050409149548,0.2766795815627564,0.6051232876993655,0.5110156442332789,0.5090880596417483,0.555882308880363,0.5106011020954405,0.31534177399797175,0.5421380860281606,0.3937876425076624,0.14842543673067443,0.0,0.0,0.0,0.0,0.0,0.0
0.0,0.0,0.0,0.37259513765281277,0.32445042638798727,0.5957457924430944,0.5065493057285221,0.5090880596417483,0.555882308880363,0.5106011020954405,0.31534177399797175,0.5421380860281606,0.3937876425076624,0.14842543673067443,0.0,0.0,0.0,0.0,0.0,0.0
0.0,0.0,0.0,0.37259513765281277,0.32661340162898306,0.5957457924430944,0.5065493057285221,0.5115798477241312,0.5863263272777166,0.5113557042251334,0.318661991980132,0.5421380860281606,0.3937876425076624,0.14842543673067443,0.0,0.0,0.0,0.0,0.0,0.0
0.0,0.0,0.0,0.37259513765281277,0.32661340162898306,0.5956351605112361,0.5065493057285221,0.49642016681952056,0.5780286611589212,0.4974701461435427,0.31438535856309036,0.5421380860281606,0.3937876425076624,0.14842543673067443,0.0,0.0,0.0,0.0,0.0,0.0
0.0,0.0,0.0,0.3704213088112771,0.32661340162898306,0.5956351605112361,0.5065493057285221,0.49642016681952056,0.5780286611589212,0.4974701461435427,0.31438535856309036,0.5421380860281606,0.3937876425076624,0.14842543673067443,0.0,0.0,0.0,0.0,0.0,0.0
0.0,0.0,0.0,0.3704213088112771,0.3311777488935767,0.5901811757968678,0.4957364240224549,0.5170766398837678,0.5780286611589212,0.4974701461435427,0.31438535856309036,0.5421380860281606,0.3937876425076624,0.14842543673067443,0.0,0.0,0.0,0.0,0.0,0.0
0.0,0.0,0.0,0.3704213088112771,0.3311777488935767,0.5911391714915487,0.4957364240224549,0.5170766398837678,0.5780286611589212,0.4974701461435427,0.31438535856309036,0.5421380860281606,0.3937876425076624,0.14842543673067443,0.0,0.0,0.0,0.0,0.35688195163750286,0.0
0.0,0.0,0.0,0.36861611614427076,0.31415548607911253,0.5911391714915487,0.4957364240224549,0.5170766398837678,0.5780286611589212,0.4974701461435427,0.31438535856309036,0.5421380860281606,0.3937876425076624,0.14842543673067443,0.0,0.0,0.0,0.0,0.35688195163750286,0.0
0.0,0.0,0.0,0.36861611614427076,0.31415548607911253,0.5911391714915487,0.4957364240224549,0.5170766398837678,0.5780286611589212,0.49972019860079026,0.31384776091068567,0.5415566360504139,0.3937876425076624,0.14842543673067443,0.0,0.0,0.0,0.0,0.35688195163750286,0.0
0.0,0.0,0.0,0.36861611614427076,0.31415548607911253,0.5909903332561429,0.4957364240224549,0.5170766398837678,0.5780286611589212,0.5115505539057343,0.3190212049467262,0.5557738408639664,0.39000122286816563,0.14842543673067443,0.0,0.0,0.0,0.0,0.35688195163750286,0.0
0.0,0.0,0.0,0.36867814445716957,0.3276471948637145,0.5933879441858316,0.4497690648657443,0.48534271500441184,0.5785882174288204,0.5134451268901251,0.3222930283572372,0.5557738408639664,0.39000122286816563,0.14842543673067443,0.0,0.0,0.0,0.0,0.35688195163750286,0.0
0.0,0.0,0.0,0.368418730984747,0.32847461762055163,0.5865274677730874,0.44887258372254374,0.48534271500441184,0.5728026064699386,0.5134451268901251,0.3222930283572372,0.5557738408639664,0.39000122286816563,0.14842543673067443,0.0,0.0,0.0,0.0,0.35688195163750286,0.0
0.0,0.0,0.0,0.368418730984747,0.32847461762055163,0.5865274677730874,0.44887258372254374,0.48534271500441184,0.5728026064699386,0.5134451268901251,0.3222930283572372,0.5440158073382537,0.39000122286816563,0.14842543673067443,0.5001080572000616,0.0,0.0,0.0,0.35688195163750286,0.0
0.0,0.0,0.0,0.368418730984747,0.32847461762055163,0.5865274677730874,0.44887258372254374,0.48534271500441184,0.5728026064699386,0.5094583630201448,0.3257432970416634,0.5440158073382537,0.39000122286816563,0.14842543673067443,0.5001080572000616,0.0,0.0,0.0,0.35688195163750286,0.0
0.0,0.0,0.0,0.368418730984747,0.32847461762055163,0.4858031641050355,0.44887258372254374,0.48534271500441184,0.5728026064699386,0.5094583630201448,0.3253797126347265,0.5444474326747215,0.39000122286816563,0.14842543673067443,0.5001080572000616,0.0,0.0,0.0,0.35688195163750286,0.0
0.0,0.0,0.0,0.3684999295628467,0.33488005481379113,0.4858031641050355,0.44887258372254374,0.48534271500441184,0.5728026064699386,0.5094583630201448,0.3253797126347265,0.5444474326747215,0.39000122286816563,0.14842543673067443,0.5001080572000616,0.0,0.0,0.0,0.35688195163750286,0.0
0.0,0.0,0.0,0.36603374189368637,0.33488005481379113,0.47872701788028377,0.43924235987362265,0.48451180150608336,0.5728026064699386,0.5094583630201448,0.3253797126347265,0.5444474326747215,0.39000122286816563,0.14842543673067443,0.5001080572000616,0.0,0.0,0.0,0.35688195163750286,0.0
0.0,0.0,0.0,0.36603374189368637,0.33488005481379113,0.47872701788028377,0.43924235987362265,0.48451180150608336,0.5728026064699386,0.5094583630201448,0.3253797126347265,0.5444474326747215,0.39000122286816563,0.14842543673067443,0.5001080572000616,0.0,0.0,0.0,0.35688195163750286,0.0
0.0,0.0,0.0,0.36603374189368637,0.33488005481379113,0.4776543083757274,0.43924235987362265,0.48451180150608336,0.5728026064699386,0.5086556051740491,0.32236559420470834,0.5444474326747215,0.39000122286816563,0.14842543673067443,0.5001080572000616,0.0,0.0,0.0,0.35688195163750286,0.0
0.0,0.0,0.0,0.36603374189368637,0.33488005481379113,0.4776543083757274,0.43924235987362265,0.48451180150608336,0.5728026064699386,0.5086556051740491,0.32236559420470834,0.5444474326747215,0.39000122286816563,0.14842543673067443,0.5001080572000616,0.0,0.0,0.0,0.35688195163750286,0.0
0.0,0.0,0.0,0.36603374189368637,0.33488005481379113,0.4778930116912998,0.43555123471012364,0.4730866849948909,0.5672850906454988,0.5086556051740491,0.32236559420470834,0.5444474326747215,0.39000122286816563,0.14842543673067443,0.5001080572000616,0.0,0.0,0.0,0.35688195163750286,0.0
0.0,0.0,0.0,0.36603374189368637,0.33488005481379113,0.4778930116912998,0.43555123471012364,0.47266313398401694,0.5672850906454988,0.5083436400377234,0.3216319179164012,0.5444474326747215,0.39000122286816563,0.14842543673067443,0.5001080572000616,0.0,0.0,0.0015854682382300238,0.24530410632057204,0.0
0.0,0.0,0.0,0.36603374189368637,0.33488005481379113,0.4780697242153299,0.4329418247438203,0.4672067660046701,0.5667937806119792,0.5083436400377234,0.3216319179164012,0.5444474326747215,0.39000122286816563,0.14842543673067443,0.5001080572000616,0.0,0.0,0.0015854682382300238,0.24530410632057204,0.0
0.0,0.0,0.0,0.36603374189368637,0.33488005481379113,0.4780697242153299,0.4329418247438203,0.4672067660046701,0.5667937806119792,0.5083436400377234,0.3216319179164012,0.5444474326747215,0.39000122286816563,0.14842543673067443,0.5001080572000616,0.0,0.0,0.0015854682382300238,0.2392391860929759,0.0
0.0,0.0,0.0,0.3569070481157524,0.3381480193785442,0.48209306566569643,0.4329418247438203,0.4672067660046701,0.5667937806119792,0.5083436400377234,0.4216130686853293,0.5444474326747215,0.39000122286816563,0.14842543673067443,0.5001080572000616,0.0,0.0,0.0015854682382300238,0.2392391860929759,0.0
0.0,0.0,0.0,0.3569070481157524,0.3381480193785442,0.48209306566569643,0.4329508380636899,0.4672067660046701,0.5667937806119792,0.5083436400377234,0.4216130686853293,0.544401705519116,0.39000122286816563,0.14842543673067443,0.5001080572000616,0.0,0.0,0.0015854682382300238,0.2392391860929759,0.0
0.0,0.0,0.0,0.3569070481157524,0.3381480193785442,0.48209306566569643,0.432835384935377,0.46714750471294975,0.5667937806119792,0.5083436400377234,0.4216130686853293,0.544401705519116,0.39000122286816563,0.14842543673067443,0.5001080572000616,0.0,0.0,0.0015854682382300238,0.2392391860929759,0.0
0.0,0.0,0.0,0.3569070481157524,0.3378973319127311,0.37133262163511643,0.43583940043747055,0.4655678762731443,0.5667937806119792,0.5083436400377234,0.42325416733401344,0.544401705519116,0.39000122286816563,0.14842543673067443,0.5001080572000616,0.0,0.0,0.0015854682382300238,0.2392391860929759,0.0
0.0,0.0,0.0,0.3569070481157524,0.3378973319127311,0.3728788450406401,0.435820861884379,0.4655678762731443,0.5667937806119792,0.5083436400377234,0.42325416733401344,0.544401705519116,0.39000122286816563,0.14842543673067443,0.5001080572000616,0.0,0.0,0.0015854682382300238,0.2392391860929759,0.0
0.0,0.0,0.0,0.3569070481157524,0.3378973319127311,0.36933655538108706,0.4410139931298883,0.46429407818090823,0.5667937806119792,0.5283686470648584,0.4257845050581025,0.5386410786409573,0.39000122286816563,0.14842543673067443,0.5001080572000616,0.0,0.0,0.0015854682382300238,0.2392391860929759,0.0
0.0,0.0,0.0,0.3569070481157524,0.3378973319127311,0.36933655538108706,0.4410139931298883,0.46429407818090823,0.5703416372759379,0.5283686470648584,0.4257845050581025,0.5384671104891531,0.39000122286816563,0.14842543673067443,0.5001080572000616,0.0,0.0,0.0015854682382300238,0.2392391860929759,0.0
0.0,0.0,0.0,0.3569070481157524,0.3378973319127311,0.36933655538108706,0.4410139931298883,0.46429407818090823,0.5703416372759379,0.5289132142046942,0.4256872263349243,0.5384671104891531,0.39000122286816563,0.14842543673067443,0.5001080572000616,0.0,0.0,0.0015854682382300238,0.2392391860929759,0.0
0.0,0.0,0.0,0.3569070481157524,0.3378973319127311,0.36933655538108706,0.4410139931298883,0.46429407818090823,0.5703416372759379,0.5289132142046942,0.4256872263349243,0.5384671104891531,0.39000122286816563,0.14842543673067443,0.5001080572000616,0.0,0.0,0.0015854682382300238,0.2392391860929759,0.0
0.0,0.0,0.0,0.33913831614989054,0.3120526515367505,0.36933655538108706,0.4410139931298883,0.46429407818090823,0.5703416372759379,0.5289132142046942,0.4256872263349243,0.5384671104891531,0.39000122286816563,0.14842543673067443,0.5001080572000616,0.0,0.0,0.0015854682382300238,0.2392391860929759,0.0
0.0,0.0,0.0,0.3389239150219809,0.3120526515367505,0.36933655538108706,0.44097338343972414,0.46429407818090823,0.5571818945831937,0.5289132142046942,0.4256872263349243,0.5384671104891531,0.39000122286816563,0.14842543673067443,0.5001080572000616,0.0,0.0,0.0015854682382300238,0.2392391860929759,0.0
0.0,0.0,0.0,0.3389239150219809,0.3120526515367505,0.36933655538108706,0.4412064751437215,0.4640287533571185,0.5566114488099075,0.5265242612863794,0.42532320061957496,0.5436846829201878,0.39000122286816563,0.14842543673067443,0.5001080572000616,0.0,0.0,0.0015854682382300238,0.2392391860929759,0.0
0.0,0.0,0.0,0.3389239150219809,0.3120526515367505,0.36933655538108706,0.4412064751437215,0.4640287533571185,0.5566114488099075,0.5265793546897248,0.42532320061957496,0.5420271452952306,0.38163835741867264,0.14842543673067443,0.5001080572000616,0.0,0.0,0.0015854682382300238,0.2392391860929759,0.0
0.0,0.0,0.0,0.3389239150219809,0.3120526515367505,0.36933655538108706,0.4412064751437215,0.4640287533571185,0.5537894296694091,0.5265793546897248,0.42532320061957496,0.5420271452952306,0.38163835741867264,0.14842543673067443,0.5001080572000616,0.0,0.0,0.0015854682382300238,0.2392391860929759,0.0
0.0,0.0,0.0,0.3389239150219809,0.3120526515367505,0.3694927615830833,0.456390034995539,0.4622471945466988,0.519405029818474,0.5265793546897248,0.42532320061957496,0.5420271452952306,0.38163835741867264,0.14842543673067443,0.5001080572000616,0.0,0.0,0.0015854682382300238,0.2392391860929759,0.0
0.0,0.0,0.0,0.3389239150219809,0.3120526515367505,0.3699439746514743,0.456390034995539,0.4622471945466988,0.519405029818474,0.5265793546897248,0.42532320061957496,0.5420271452952306,0.38163835741867264,0.14842543673067443,0.5001080572000616,0.0,0.0,0.0015854682382300238,0.2392391860929759,0.0
0.0,0.0,0.0,0.33955832776692474,0.3120526515367505,0.3699439746514743,0.4592881909337573,0.4622471945466988,0.519405029818474,0.5114310302293508,0.42522759189931814,0.5420271452952306,0.38163835741867264,0.14842543673067443,0.5001080572000616,0.0,0.0,0.0015854682382300238,0.2392391860929759,0.0
0.0,0.0,0.0,0.33955832776692474,0.3120526515367505,0.36991388113134255,0.45909244938883637,0.4622471945466988,0.519405029818474,0.5114310302293508,0.42522759189931814,0.5420271452952306,0.38163835741867264,0.14842543673067443,0.5001080572000616,0.0,0.0,0.0015854682382300238,0.2392391860929759,0.0
0.0,0.0,0.0,0.33955832776692474,0.3120526515367505,0.3697999599596484,0.4594047036577574,0.45947179406929467,0.5188941873533942,0.5080648081853363,0.42479909878276806,0.5420271452952306,0.38163835741867264,0.14842543673067443,0.5001080572000616,0.0,0.0,0.0015854682382300238,0.2392391860929759,0.0
0.0,0.0,0.0,0.33955832776692474,0.3120526515367505,0.3697731908690921,0.4584097963839905,0.4584129041243098,0.5218776055183063,0.5080648081853363,0.4247562867496675,0.5411893908202765,0.3884105570240723,0.14141867018352294,0.5001080572000616,0.0,0.0,0.0015854682382300238,0.2392391860929759,0.0
0.0,0.0,0.0,0.33955832776692474,0.3120526515367505,0.365810770893174,0.45343841903510923,0.4575826220082994,0.5218776055183063,0.5080648081853363,0.4247562867496675,0.5411893908202765,0.3884105570240723,0.14141867018352294,0.5001080572000616,0.0,0.0,0.0015854682382300238,0.2392391860929759,0.0
0.0,0.0,0.0,0.33955832776692474,0.3120526515367505,0.365810770893174,0.4532200207124172,0.45044747012169145,0.5218776055183063,0.5080648081853363,0.4246801767504063,0.5411893908202765,0.3884105570240723,0.14141867018352294,0.5001080572000616,0.0,0.0,0.0015854682382300238,0.2392391860929759,0.0
0.0,0.0,0.0,0.33955832776692474,0.3120526515367505,0.3562896137017674,0.45320656474086574,0.45044747012169145,0.5218776055183063,0.5080648081853363,0.4246801767504063,0.5411893908202765,0.3884105570240723,0.14141867018352294,0.5001080572000616,0.0,0.0,0.0015854682382300238,0.2392391860929759,0.0
0.0,0.0,0.0,0.33959386845812994,0.31288517566054186,0.35112307611452936,0.4531783134777953,0.45044747012169145,0.5218776055183063,0.5080648081853363,0.4246801767504063,0.5411893908202765,0.3884105570240723,0.14141867018352294,0.5001080572000616,0.0,0.0,0.0015854682382300238,0.2392391860929759,0.0
0.0,0.0,0.0,0.33959386845812994,0.31288517566054186,0.35112307611452936,0.4531783134777953,0.45044747012169145,0.5218776055183063,0.5080648081853363,0.4239587994142332,0.5407561600978016,0.3884105570240723,0.14141867018352294,0.08374713231018416,0.0,0.0,0.0015854682382300238,0.2392391860929759,0.0
0.0,0.0,0.0,0.33959386845812994,0.31288517566054186,0.3615667046964313,0.41780678987955905,0.44632118395797565,0.5218776055183063,0.5080648081853363,0.4239587994142332,0.5407561600978016,0.3884105570240723,0.14141867018352294,0.08374713231018416,0.0,0.0,0.0015854682382300238,0.2392391860929759,0.0
0.0,0.0,0.0,0.33959386845812994,0.334782549505377,0.3615667046964313,0.41780678987955905,0.44632118395797565,0.5218776055183063,0.5080648081853363,0.4239587994142332,0.5407561600978016,0.3884105570240723,0.14141867018352294,0.08374713231018416,0.0,0.0,0.0015854682382300238,0.2392391860929759,0.0
0.0,0.0,0.0,0.33959386845812994,0.334782549505377,0.3615667046964313,0.41780678987955905,0.44632118395797565,0.5211027451832889,0.5134767151785632,0.4200219531708614,0.5359174273053962,0.3884105570240723,0.13496138201062435,0.08374713231018416,0.0,0.0,0.0015854682382300238,0.2392391860929759,0.0
0.0,0.0,0.0,0.33959386845812994,0.334782549505377,0.3621168432177487,0.4153530052887285,0.36361237557668996,0.5134711984939708,0.5121679056121183,0.3865227161508331,0.5359174273053962,0.3867403164370381,0.13496138201062435,0.08374713231018416,0.0,0.0,0.0015854682382300238,0.2392391860929759,0.0
0.0,0.0,0.0,0.33959386845812994,0.334782549505377,0.3621168432177487,0.4153530052887285,0.36361237557668996,0.5134711984939708,0.5121679056121183,0.3865227161508331,0.5359174273053962,0.3867403164370381,0.13496138201062435,0.08374713231018416,0.0,0.0,0.0015854682382300238,0.2392391860929759,0.0
0.0,0.0,0.0,0.33959386845812994,0.334782549505377,0.3621168432177487,0.4153530052887285,0.36361237557668996,0.5134711984939708,0.5121679056121183,0.3865227161508331,0.5359174273053962,0.3867403164370381,0.13496138201062435,0.08374713231018416,0.0,0.0,0.0015854682382300238,0.2392391860929759,0.0
0.0,0.0,0.0,0.33959386845812994,0.334782549505377,0.36179788179426986,0.41510798147559635,0.38377144974709504,0.511777797949617,0.5121679056121183,0.3830779999169622,0.5359174273053962,0.3867403164370381,0.13496138201062435,0.08374713231018416,0.0,0.0,0.0015854682382300238,0.2392391860929759,0.0
0.0,0.0,0.0,0.33959386845812994,0.334782549505377,0.36179788179426986,0.41510798147559635,0.38434610716145173,0.511777797949617,0.5170665863948889,0.3827287997353287,0.5359174273053962,0.3867403164370381,0.13496138201062435,0.08374713231018416,0.0,0.0,0.0015854682382300238,0.2392391860929759,0.0
0.0,0.0,0.0,0.33959386845812994,0.334782549505377,0.36161105806715815,0.41547175114850793,0.38434610716145173,0.511777797949617,0.5170665863948889,0.3827287997353287,0.5359174273053962,0.3867403164370381,0.13496138201062435,0.08374713231018416,0.0,0.0,0.0015854682382300238,0.2392391860929759,0.0
0.0,0.0,0.0,0.340237586593978,0.3267127048857707,0.3475123118265952,0.41547175114850793,0.38434610716145173,0.511777797949617,0.5170665863948889,0.3827287997353287,0.5359174273053962,0.3867403164370381,0.13496138201062435,0.08374713231018416,0.0,0.0,0.0015854682382300238,0.2392391860929759,0.0
0.0,0.0,0.0,0.340237586593978,0.3267127048857707,0.3475123118265952,0.41520863943545716,0.38434610716145173,0.511777797949617,0.5170665863948889,0.3827287997353287,0.5359174273053962,0.3867403164370381,0.13496138201062435,0.08374713231018416,0.0,0.0,0.0015854682382300238,0.2392391860929759,0.0
0.0,0.0,0.0,0.340237586593978,0.3267127048857707,0.349489807760654,0.4154752027212825,0.38398013179264023,0.511777797949617,0.5170665863948889,0.3827287997353287,0.5359174273053962,0.3685125155965952,0.13496138201062435,0.08374713231018416,0.0,0.0,0.0015854682382300238,0.2392391860929759,0.0
0.0,0.0,0.0,0.340237586593978,0.3267127048857707,0.349489807760654,0.4154752027212825,0.38398013179264023,0.511777797949617,0.5170665863948889,0.3827287997353287,0.5359174273053962,0.3685125155965952,0.13496138201062435,0.08374713231018416,0.0,0.0,0.0015854682382300238,0.23440756991937511,0.0
0.0,0.0,0.0,0.3400176598401823,0.3267127048857707,0.349489807760654,0.4154752027212825,0.3842542778761145,0.5122241007995528,0.5170665863948889,0.3827287997353287,0.5359174273053962,0.3685125155965952,0.13496138201062435,0.08374713231018416,0.0,0.0,0.0015854682382300238,0.23440756991937511,0.0
0.0,0.0,0.0,0.3400176598401823,0.3267127048857707,0.34966180204415787,0.4133750217408363,0.37584617257549074,0.517580955672399,0.6719833765773848,0.4212168270877183,0.5359174273053962,0.3685125155965952,0.13496138201062435,0.08374713231018416,0.0,0.0,0.0015854682382300238,0.23440756991937511,0.0
0.0,0.0,0.0,0.3400080795358028,0.32744446717732406,0.3675915225680391,0.41374794797310294,0.37498235030038846,0.5170951776050133,0.6691112397945813,0.4211167002570621,0.5359174273053962,0.3685125155965952,0.13496138201062435,0.07178414027027512,0.0,0.0,0.0015854682382300238,0.23440756991937511,0.0
0.0,0.0,0.0,0.3400080795358028,0.32744446717732406,0.36750988653846983,0.416452702527039,0.3750949060712673,0.5117787955425884,0.6494146166527768,0.41856372154195076,0.5341845795732076,0.36716828059380463,0.13496138201062435,0.07178414027027512,0.0,0.0,0.0015854682382300238,0.23440756991937511,0.0
0.0,0.0,0.0,0.3400080795358028,0.32744446717732406,0.36769943537553307,0.4168534312485767,0.37537984283790504,0.5059913023220382,0.64931441003206,0.4185163631060339,0.5333505641068621,0.3347791394405232,0.7192095651640361,0.03682597993004696,0.0,0.0,0.0015854682382300238,0.23400876879066934,0.0
0.0,0.0,0.0,0.3400080795358028,0.32744446717732406,0.3676785870108602,0.4168534312485767,0.37537984283790504,0.5059913023220382,0.64931441003206,0.4185163631060339,0.5333505641068621,0.3347791394405232,0.7192095651640361,0.03682597993004696,0.27674130562100674,0.0964770745917268,0.0008422800015597002,0.22380883214444275,0.0
0.0,0.0,0.0,0.3400080795358028,0.32744446717732406,0.36764140223304825,0.4168499318857965,0.37537984283790504,0.5059913023220382,0.64931441003206,0.4185163631060339,0.5333505641068621,0.3347791394405232,0.7192095651640361,0.03682597993004696,0.13837065281050337,0.0964770745917268,0.0008422800015597002,0.22380883214444275,0.0
0.0,0.0,0.0,0.3400080795358028,0.32744446717732406,0.36781797843776454,0.41679945680956954,0.37537984283790504,0.5059913023220382,0.64931441003206,0.4182473628736086,0.5199841809780529,0.30824886490941267,0.7192095651640361,0.05770649728570194,0.13837065281050337,0.0964770745917268,0.0008422800015597002,0.22028877364990368,0.0
0.0,0.0,0.0,0.34786429514895384,0.32828326820660303,0.3821528396894645,0.41679945680956954,0.5576034219175194,0.5966987785495407,0.6637126641106578,0.5703235433759456,0.5199841809780529,0.30824886490941267,0.7192095651640361,0.05770649728570194,0.13837065281050337,0.0964770745917268,0.0008422800015597002,0.22028877364990368,0.0
0.0,0.0,0.0,0.34786429514895384,0.326676050514127,0.3821421393171128,0.4157022370777838,0.5575589115606976,0.5966987785495407,0.6637126641106578,0.5703235433759456,0.5199841809780529,0.30824886490941267,0.7192095651640361,0.05770649728570194,0.13837065281050337,0.0964770745917268,0.0008422800015597002,0.22028877364990368,0.0
0.0,0.0,0.0,0.34786429514895384,0.326676050514127,0.3821421393171128,0.4157022370777838,0.5574991810350853,0.5966987785495407,0.6637126641106578,0.5703235433759456,0.5199841809780529,0.30824886490941267,0.7192095651640361,0.05770649728570194,0.40278031244549645,0.3179433029753629,0.0008422800015597002,0.22028877364990368,0.0
0.0,0.0,0.0,0.34786429514895384,0.3283799971888457,0.3918735083330424,0.41684820439524617,0.5574913389957885,0.5966987785495407,0.6636686886273222,0.5702924255818049,0.5199841809780529,0.30824886490941267,0.7192095651640361,0.05770649728570194,0.40278031244549645,0.3179433029753629,0.0008422800015597002,0.22028877364990368,0.0
0.0,0.0,0.0,0.34786429514895384,0.3283799971888457,0.3918735083330424,0.41684820439524617,0.5574913389957885,0.5966987785495407,0.6636686886273222,0.5702924255818049,0.5199841809780529,0.30824886490941267,0.7192095651640361,0.05770649728570194,0.40278031244549645,0.3179433029753629,0.0008422800015597002,0.22028877364990368,0.0
0.0,0.0,0.0,0.34786429514895384,0.3283799971888457,0.39577392057853966,0.4184618447593551,0.5580276938978628,0.5966515716224815,0.6645180289597159,0.5701915267460228,0.5199841809780529,0.3084806998168907,0.7192095651640361,0.05770649728570194,0.40278031244549645,0.3179433029753629,0.0008422800015597002,0.22028877364990368,0.0
0.0,0.0,0.0,0.34786429514895384,0.32861126152079007,0.39581386053365986,0.41771733539995837,0.5580276938978628,0.5966515716224815,0.6645180289597159,0.5701915267460228,0.5199841809780529,0.3084806998168907,0.7192095651640361,0.05770649728570194,0.40278031244549645,0.3179433029753629,0.0008422800015597002,0.22028877364990368,0.0
0.0,0.0,0.0,0.34786429514895384,0.32861126152079007,0.39581386053365986,0.41771733539995837,0.5580276938978628,0.5966515716224815,0.6645180289597159,0.5701915267460228,0.5199841809780529,0.3084806998168907,0.7192095651640361,0.05770649728570194,0.40278031244549645,0.3179433029753629,0.0008422800015597002,0.22028877364990368,0.0
0.0,0.0,0.0,0.34786429514895384,0.32861126152079007,0.3957875346937773,0.41771733539995837,0.5580276938978628,0.5966515716224815,0.6645180289597159,0.5701915267460228,0.5199841809780529,0.3084806998168907,0.7192095651640361,0.05770649728570194,0.40278031244549645,0.3179433029753629,0.0008422800015597002,0.22028877364990368,0.0
0.0,0.0,0.0,0.3477347306529441,0.3284292017414391,0.3988640753032117,0.41851727351283563,0.5582022262650835,0.5960501980220132,0.6645180289597159,0.5701915267460228,0.5199841809780529,0.3084806998168907,0.7192095651640361,0.05770649728570194,0.40278031244549645,0.3179433029753629,0.0008422800015597002,0.22028877364990368,0.0
0.0,0.0,0.0,0.3477347306529441,0.3284292017414391,0.40314044902323976,0.41851727351283563,0.5582022262650835,0.5961293193705075,0.6626227467782068,0.5717793588825006,0.5199841809780529,0.3084806998168907,0.7192095651640361,0.05770649728570194,0.40278031244549645,0.3179433029753629,0.0008422800015597002,0.22342297654779047,0.0
0.0,0.0,0.0,0.3477347306529441,0.3284292017414391,0.40314044902323976,0.4149261387410943,0.5582022262650835,0.5961293193705075,0.6626227467782068,0.5717793588825006,0.5199841809780529,0.3084806998168907,0.7192095651640361,0.05770649728570194,0.40278031244549645,0.3179433029753629,0.0008422800015597002,0.22342297654779047,0.0
0.0,0.0,0.0,0.3477347306529441,0.3284292017414391,0.40314044902323976,0.4149261387410943,0.5585754546045947,0.5954709235283042,0.6626209980759067,0.5717873593618524,0.5199841809780529,0.3084806998168907,0.7192095651640361,0.05770649728570194,0.40278031244549645,0.3179433029753629,0.0008422800015597002,0.22342297654779047,0.0
0.0,0.0,0.0,0.3477347306529441,0.3284292017414391,0.40314044902323976,0.4151391210027397,0.5585754546045947,0.5954709235283042,0.6626209980759067,0.5717293368840398,0.5199841809780529,0.3084806998168907,0.7192095651640361,0.05770649728570194,0.40278031244549645,0.3179433029753629,0.0008422800015597002,0.22342297654779047,0.0
0.0,0.0,0.0,0.3477347306529441,0.3284292017414391,0.40314044902323976,0.4151391210027397,0.5585754546045947,0.5954709235283042,0.6626209980759067,0.5717293368840398,0.5199841809780529,0.3084806998168907,0.7192095651640361,0.05770649728570194,0.40278031244549645,0.3179433029753629,0.0008422800015597002,0.2231438634802379,0.0
0.0,0.0,0.0,0.34775265874207884,0.32836193364165134,0.40314044902323976,0.4151391210027397,0.5585730656295917,0.595493874169969,0.6626209980759067,0.5718108164929808,0.519987303011722,0.3084806998168907,0.7114761289794765,0.05770649728570194,0.40278031244549645,0.3179433029753629,0.0008422800015597002,0.2231438634802379,0.0
0.0,0.0,0.0,0.34775265874207884,0.32836193364165134,0.40314044902323976,0.41847393303905167,0.5585730656295917,0.595493874169969,0.6626209980759067,0.5718108164929808,0.519987303011722,0.3084806998168907,0.7114761289794765,0.05770649728570194,0.40278031244549645,0.3179433029753629,0.0008422800015597002,0.2231438634802379,0.0
0.0,0.0,0.0,0.34775265874207884,0.32836193364165134,0.40314044902323976,0.41847393303905167,0.5585730656295917,0.595493874169969,0.6626209980759067,0.5718108164929808,0.519987303011722,0.3084806998168907,0.7114761289794765,0.05770649728570194,0.40278031244549645,0.3179433029753629,0.0008422800015597002,0.2231438634802379,0.0
0.0,0.0,0.0,0.34735158170719505,0.32839399172028605,0.40314044902323976,0.41847393303905167,0.5585730656295917,0.595493874169969,0.6626209980759067,0.5718033690660117,0.519987303011722,0.3084806998168907,0.7114761289794765,0.05770649728570194,0.40278031244549645,0.3179433029753629,0.0008422800015597002,0.2231438634802379,0.0
0.0,0.0,0.0,0.34735158170719505,0.32839399172028605,0.40314044902323976,0.41847393303905167,0.5579256263187776,0.6006073709404564,0.6626209980759067,0.5718033690660117,0.519987303011722,0.3084806998168907,0.7114761289794765,0.05770649728570194,0.40278031244549645,0.3179433029753629,0.0008422800015597002,0.2231438634802379,0.0
0.0,0.0,0.0,0.34735158170719505,0.32839399172028605,0.39764929165773405,0.41847393303905167,0.5579256263187776,0.6006073709404564,0.6626209980759067,0.5718033690660117,0.519987303011722,0.30718267909273084,0.7114761289794765,0.05770649728570194,0.40278031244549645,0.3179433029753629,0.0008422800015597002,0.2231438634802379,0.0
0.0,0.0,0.0,0.3474664211298711,0.32839399172028605,0.39764929165773405,0.4179288666110283,0.5579256263187776,0.6006073709404564,0.6626209980759067,0.5718033690660117,0.519987303011722,0.30718267909273084,0.7114761289794765,0.05770649728570194,0.40278031244549645,0.3179433029753629,0.0008422800015597002,0.2231438634802379,0.0
0.0,0.0,0.0,0.3474664211298711,0.32839399172028605,0.39758751177314,0.4179288666110283,0.5579256263187776,0.5999704782273781,0.6591316091285037,0.567799698361599,0.5163588819367607,0.3082531511460492,0.7114738290883645,0.05530205989879769,0.3872887619668235,0.3179433029753629,0.0008422800015597002,0.2231438634802379,0.0
0.0,0.0,0.0,0.34600647818394725,0.32839399172028605,0.39758751177314,0.4179288666110283,0.5579256263187776,0.5999704782273781,0.6591316091285037,0.567799698361599,0.5163588819367607,0.3082531511460492,0.7114738290883645,0.05530205989879769,0.3872887619668235,0.3179433029753629,0.0008422800015597002,0.2231438634802379,0.0
0.0,0.0,0.0,0.34600647818394725,0.32839399172028605,0.39758751177314,0.41789308475061365,0.557136502366279,0.5989844187951426,0.6591316091285037,0.567799698361599,0.5163588819367607,0.3082531511460492,0.7114738290883645,0.05530205989879769,0.3872887619668235,0.3179433029753629,0.0008422800015597002,0.2231438634802379,0.0
0.0,0.0,0.0,0.34459973175186764,0.32839399172028605,0.39758751177314,0.41789308475061365,0.557136502366279,0.5989844187951426,0.6591316091285037,0.569538025459464,0.5163588819367607,0.3082531511460492,0.7114738290883645,0.05530205989879769,0.3872887619668235,0.3179433029753629,0.0008422800015597002,0.2231438634802379,0.0
0.0,0.0,0.0,0.34459973175186764,0.32839399172028605,0.3834306635764642,0.41789308475061365,0.557136502366279,0.5989844187951426,0.6591316091285037,0.5694532395961761,0.5163588819367607,0.3082531511460492,0.7114738290883645,0.05530205989879769,0.3872887619668235,0.3179433029753629,0.0025651357586855164,0.2231438634802379,0.0
0.0,0.0,0.0,0.34459973175186764,0.32839399172028605,0.3834306635764642,0.41789308475061365,0.557136502366279,0.5989844187951426,0.6588769740585595,0.5693369930708809,0.5133633512646832,0.3118664859098232,0.7114738290883645,0.05530205989879769,0.3872887619668235,0.3179433029753629,0.0025651357586855164,0.2231438634802379,0.0
0.0,0.0,0.0,0.34459973175186764,0.32839399172028605,0.3838343802001053,0.4181948059265139,0.557136502366279,0.5989844187951426,0.6588769740585595,0.5694388426965467,0.5137504473321202,0.31378378213818975,0.7114738290883645,0.05530205989879769,0.3872887619668235,0.3179433029753629,0.0025651357586855164,0.2231438634802379,0.0
0.0,0.0,0.6995275979031207,0.3417344310071796,0.32839399172028605,0.3838343802001053,0.4181948059265139,0.557136502366279,0.5989844187951426,0.6588769740585595,0.5694388426965467,0.5137504473321202,0.31378378213818975,0.7114738290883645,0.05530205989879769,0.3872887619668235,0.3179433029753629,0.0025651357586855164,0.2231438634802379,0.0
0.0,0.0,0.6995275979031207,0.3417344310071796,0.32839399172028605,0.3838343802001053,0.4181948059265139,0.5571839281932764,0.5989844187951426,0.6588769740585595,0.5694979177036061,0.5137504473321202,0.31378378213818975,0.7114738290883645,0.05530205989879769,0.3872887619668235,0.3179433029753629,0.0025651357586855164,0.2231438634802379,0.0
0.0,0.0,0.6995275979031207,0.3417344310071796,0.32839399172028605,0.3838343802001053,0.4181948059265139,0.5571748998163323,0.5989258569714535,0.6588769740585595,0.5694979177036061,0.5137504473321202,0.31378378213818975,0.7114738290883645,0.05530205989879769,0.3872887619668235,0.3179433029753629,0.0025651357586855164,0.2231438634802379,0.0
0.0,0.0,0.6995275979031207,0.3417344310071796,0.32839399172028605,0.3892836977713334,0.5913957389635,0.5745714267934052,0.5989258569714535,0.6588769740585595,0.5694979177036061,0.5137504473321202,0.31378378213818975,0.7114738290883645,0.05530205989879769,0.3872887619668235,0.3179433029753629,0.0025651357586855164,0.2231438634802379,0.0
0.0,0.0,0.6995275979031207,0.3417344310071796,0.32870750514058344,0.38969880476758,0.5913957389635,0.5745714267934052,0.5989258569714535,0.6594871402739294,0.5696005155885842,0.5137504473321202,0.31378378213818975,0.7114738290883645,0.05530205989879769,0.3872887619668235,0.3179433029753629,0.0025651357586855164,0.2231438634802379,0.0
0.0,0.0,0.6995275979031207,0.3416564385416194,0.32866822739187346,0.38969880476758,0.5913957389635,0.5745714267934052,0.5989258569714535,0.6594871402739294,0.5696005155885842,0.5137504473321202,0.31378378213818975,0.7114738290883645,0.05530205989879769,0.3872887619668235,0.3179433029753629,0.0025651357586855164,0.2231438634802379,0.0
0.0,0.0,0.6995275979031207,0.3416564385416194,0.32866822739187346,0.38969880476758,0.5913957389635,0.5745714267934052,0.5989258569714535,0.6547434896757679,0.5520772673662744,0.5137504473321202,0.31378378213818975,0.7115962283818054,0.05530205989879769,0.3872887619668235,0.3179433029753629,0.0025651357586855164,0.2231438634802379,0.0
0.0,0.0,0.6995275979031207,0.3416564385416194,0.32866822739187346,0.38969880476758,0.5856160513430091,0.5744917950027192,0.5989258569714535,0.6547434896757679,0.5520772673662744,0.5137504473321202,0.31378378213818975,0.7115962283818054,0.05530205989879769,0.3872887619668235,0.3179433029753629,0.0025651357586855164,0.2231438634802379,0.0
0.0,0.0,0.6995275979031207,0.3420516144803064,0.3273991390038725,0.40159433366415337,0.5942646954454146,0.5973386982948563,0.6186641262356948,0.6559400284071291,0.5522247184406078,0.5140514792224906,0.31378378213818975,0.7115962283818054,0.05530205989879769,0.3872887619668235,0.3179433029753629,0.0025651357586855164,0.2231438634802379,0.0
0.0,0.0,0.6995275979031207,0.3420516144803064,0.3273991390038725,0.40054436118760034,0.5943234779116895,0.5973386982948563,0.6186641262356948,0.6559400284071291,0.55220228445394,0.5140514792224906,0.31378378213818975,0.7115962283818054,0.05530205989879769,0.3872887619668235,0.3179433029753629,0.0025651357586855164,0.2231438634802379,0.0
0.0,0.0,0.6995275979031207,0.3420516144803064,0.3273991390038725,0.41448497697027914,0.5968588313118179,0.5973386982948563,0.6186641262356948,0.6559400284071291,0.55220228445394,0.5140514792224906,0.31378378213818975,0.7115962283818054,0.05530205989879769,0.3872887619668235,0.3179433029753629,0.0025651357586855164,0.2231438634802379,0.0
0.0,0.0,0.6995275979031207,0.3420516144803064,0.3273991390038725,0.41448497697027914,0.5968588313118179,0.5973386982948563,0.6186641262356948,0.6558209134976987,0.55220228445394,0.5140514792224906,0.31378378213818975,0.7115940132130109,0.05530205989879769,0.40996528462318915,0.3118157425930619,0.0025651357586855164,0.19280143801877736,0.0
0.0,0.0,0.6995275979031207,0.3420516144803064,0.3273991390038725,0.41448497697027914,0.5968580197749028,0.5973386982948563,0.6186641262356948,0.6558209134976987,0.55220228445394,0.5140514792224906,0.31378378213818975,0.7115940132130109,0.05530205989879769,0.40996528462318915,0.3118157425930619,0.0025651357586855164,0.19280143801877736,0.0
0.0,0.0,0.6995275979031207,0.3420516144803064,0.3273991390038725,0.41448497697027914,0.5968580197749028,0.5977148486023441,0.6187198759402529,0.6558209134976987,0.55220228445394,0.5140514792224906,0.31378378213818975,0.7115940132130109,0.05530205989879769,0.40996528462318915,0.3118157425930619,0.0025651357586855164,0.19280143801877736,0.0
0.0,0.0,0.6995275979031207,0.3420516144803064,0.3273991390038725,0.41223173497556037,0.5931986342890496,0.5945084353243424,0.6187198759402529,0.6448458890047212,0.55220228445394,0.5140514792224906,0.31378378213818975,0.7115940132130109,0.05530205989879769,0.40996528462318915,0.3118157425930619,0.002530848169725761,0.19280143801877736,0.0
0.0,0.0,0.6995275979031207,0.3420516144803064,0.3273991390038725,0.41219425405015786,0.5931986342890496,0.5945084353243424,0.6336815686473591,0.6764205432742018,0.5502187669786924,0.519602577150117,0.31378378213818975,0.711592684111734,0.05530205989879769,0.40996528462318915,0.3118157425930619,0.002530848169725761,0.19280143801877736,0.0
0.0,0.0,0.6995275979031207,0.3420516144803064,0.3273991390038725,0.41219425405015786,0.5931986342890496,0.5945084353243424,0.6331053786112719,0.6764998252537905,0.5502187669786924,0.519602577150117,0.31378378213818975,0.711592684111734,0.05530205989879769,0.40996528462318915,0.3118157425930619,0.002530848169725761,0.19280143801877736,0.0
0.0,0.0,0.6995275979031207,0.3420516144803064,0.3273991390038725,0.41219425405015786,0.5931986342890496,0.5945084353243424,0.6331053786112719,0.6764998252537905,0.5502187669786924,0.519602577150117,0.31378378213818975,0.711592684111734,0.05530205989879769,0.40996528462318915,0.3118157425930619,0.002530848169725761,0.1926713495254772,0.0
0.0,0.0,0.6995275979031207,0.3420516144803064,0.3273991390038725,0.4127800506371842,0.5931986342890496,0.5945084353243424,0.6331053786112719,0.6764465007343086,0.5491163573237061,0.5193075685694521,0.31378378213818975,0.711592684111734,0.05530205989879769,0.40996528462318915,0.3118157425930619,0.002530848169725761,0.1926713495254772,0.0
0.0,0.0,0.6995275979031207,0.3420516144803064,0.3271947632948187,0.4118142921607334,0.5931986342890496,0.5945084353243424,0.6331053786112719,0.6764465007343086,0.5491163573237061,0.5193075685694521,0.31378378213818975,0.711592684111734,0.05530205989879769,0.40996528462318915,0.3118157425930619,0.002530848169725761,0.1926713495254772,0.0
0.0,0.0,0.6995275979031207,0.3420516144803064,0.3271947632948187,0.4115230976114496,0.5924227029552933,0.5954881403637672,0.6362118857321094,0.6763289772542852,0.5491163573237061,0.5193075685694521,0.31378378213818975,0.711592684111734,0.05530205989879769,0.40996528462318915,0.3118157425930619,0.002530848169725761,0.1926713495254772,0.0
0.0,0.0,0.6995275979031207,0.3420516144803064,0.3271947632948187,0.4097096394277851,0.5924227029552933,0.5954881403637672,0.6362118857321094,0.6763289772542852,0.5491163573237061,0.5193075685694521,0.31378378213818975,0.711592684111734,0.05530205989879769,0.40996528462318915,0.3118157425930619,0.002530848169725761,0.1926713495254772,0.0
0.0,0.0,0.6995275979031207,0.3420516144803064,0.3271947632948187,0.40872748398491027,0.5924227029552933,0.5952722745649986,0.6299107792399316,0.6774227458795642,0.5448441588951225,0.5193075685694521,0.31378378213818975,0.711592684111734,0.05530205989879769,0.40996528462318915,0.3118157425930619,0.0024904218859256337,0.1926713495254772,0.0
0.0,0.0,0.6995275979031207,0.3420516144803064,0.3271947632948187,0.40867346254620485,0.5924349649141251,0.5949216655453056,0.6299107792399316,0.6774227458795642,0.5448441588951225,0.5193075685694521,0.31378378213818975,0.711592684111734,0.05530205989879769,0.40996528462318915,0.3118157425930619,0.0024904218859256337,0.1926713495254772,0.0
0.0,0.0,0.6995275979031207,0.3420516144803064,0.3271947632948187,0.40867346254620485,0.5924349649141251,0.5949216655453056,0.6299107792399316,0.6774227458795642,0.5448441588951225,0.5193075685694521,0.31378378213818975,0.711592684111734,0.05530205989879769,0.40996528462318915,0.3118157425930619,0.0024904218859256337,0.1926713495254772,0.0
0.0,0.0,0.6995275979031207,0.3420516144803064,0.3271947632948187,0.410702955231362,0.5924862613778848,0.5947662923119634,0.6307216167568866,0.6774227458795642,0.5448441588951225,0.5193075685694521,0.3137844934735753,0.711592684111734,0.05530205989879769,0.40996528462318915,0.3118157425930619,0.0024904218859256337,0.1926713495254772,0.0
0.0,0.0,0.6995275979031207,0.3420516144803064,0.32942121896634313,0.40498818412736154,0.592980617131281,0.5938369403587739,0.6307216167568866,0.6774227458795642,0.5508426271612827,0.5289144928233477,0.3137844934735753,0.711592684111734,0.05530205989879769,0.40996528462318915,0.3118157425930619,0.0024904218859256337,0.1926713495254772,0.0
0.0,0.0,0.6995275979031207,0.33919740018470407,0.3284410752458152,0.4049181674473196,0.592980617131281,0.5938369403587739,0.6307216167568866,0.6774227458795642,0.5508426271612827,0.5289144928233477,0.3137844934735753,0.711592684111734,0.05530205989879769,0.40996528462318915,0.3118157425930619,0.0024904218859256337,0.1926713495254772,0.0
0.0,0.0,0.6995275979031207,0.33881698331853005,0.3289255959879448,0.4548781516003674,0.5929246791088548,0.5938369403587739,0.6306505838200597,0.6774227458795642,0.5508426271612827,0.5289144928233477,0.3137844934735753,0.711592684111734,0.05530205989879769,0.40996528462318915,0.3118157425930619,0.0024904218859256337,0.1926713495254772,0.0
0.0,0.0,0.6995275979031207,0.33881698331853005,0.3289255959879448,0.4548781516003674,0.5929246791088548,0.5938369403587739,0.6306505838200597,0.6774227458795642,0.5508426271612827,0.5289144928233477,0.3137844934735753,0.711592684111734,0.05530205989879769,0.40996528462318915,0.3118157425930619,0.0024904218859256337,0.1926713495254772,0.0
0.0,0.0,0.6995275979031207,0.33881698331853005,0.3289255959879448,0.4548781516003674,0.5929046278303306,0.5937758303073684,0.6305957060521736,0.6770894570990874,0.5508326755466529,0.5289144928233477,0.3137844934735753,0.711592684111734,0.05530205989879769,0.40996528462318915,0.3118157425930619,0.0024904218859256337,0.1926713495254772,0.0
0.0,0.0,0.6995275979031207,0.33881698331853005,0.3289255959879448,0.4548271809740397,0.5929046278303306,0.5937758303073684,0.6305957060521736,0.6770894570990874,0.5508326755466529,0.5289144928233477,0.3130285245884798,0.5578569571243149,0.05530205989879769,0.32332184247308027,0.2789772616155977,0.0024904218859256337,0.1926713495254772,0.0
0.0,0.0,0.6995275979031207,0.33881698331853005,0.3289255959879448,0.4548271809740397,0.5929046278303306,0.5937758303073684,0.6306185742945662,0.6771851727556244,0.5515874059525157,0.5202687605908305,0.3130285245884798,0.552850879877298,0.05530205989879769,0.32332184247308027,0.2789772616155977,0.0024904218859256337,0.1926713495254772,0.0
0.0,0.0,0.6995275979031207,0.33881698331853005,0.3289255959879448,0.45544646858342297,0.5948964118925396,0.5940372682306959,0.6324453509644427,0.6817474251083229,0.5574410798709244,0.5202687605908305,0.3130285245884798,0.552850879877298,0.05530205989879769,0.32332184247308027,0.2746853037445885,0.0024904218859256337,0.1926713495254772,0.0
0.0,0.0,0.6995275979031207,0.33881698331853005,0.3289255959879448,0.45544646858342297,0.5948927962454486,0.5940372682306959,0.6324453509644427,0.6817474251083229,0.5574410798709244,0.5202687605908305,0.3130285245884798,0.552850879877298,0.05530205989879769,0.32332184247308027,0.2746853037445885,0.0024904218859256337,0.1926713495254772,0.0
0.0,0.0,0.6995275979031207,0.33881698331853005,0.3289255959879448,0.4555951465218188,0.5948927962454486,0.5940372682306959,0.6324453509644427,0.6817474251083229,0.5619992923133886,0.5202687605908305,0.3130285245884798,0.552850879877298,0.05530205989879769,0.32332184247308027,0.2746853037445885,0.0024904218859256337,0.1926713495254772,0.0
0.0,0.0,0.6995275979031207,0.33881698331853005,0.3289255959879448,0.4555951465218188,0.5950541292315239,0.5944689114250278,0.6324453509644427,0.6817474251083229,0.5619992923133886,0.5202687605908305,0.31255693969193743,0.552850879877298,0.0898990869270553,0.32332184247308027,0.2746853037445885,0.0024904218859256337,0.1926713495254772,0.0
0.0,0.0,0.6995275979031207,0.3388959451657347,0.3289255959879448,0.45566138997446226,0.5950541292315239,0.5944916022051562,0.6324453509644427,0.6817474251083229,0.5619992923133886,0.5202687605908305,0.31255693969193743,0.552850879877298,0.0898990869270553,0.32332184247308027,0.2746853037445885,0.0024904218859256337,0.1926713495254772,0.0
0.0,0.0,0.6995275979031207,0.33883358797358676,0.3289255959879448,0.45566138997446226,0.5951020435499343,0.5965850838813475,0.6318639779743882,0.6817474251083229,0.5629133574834098,0.5212288229779721,0.31255693969193743,0.552850879877298,0.0898990869270553,0.32332184247308027,0.2746853037445885,0.0024904218859256337,0.1926713495254772,0.0
0.0,0.0,0.6995275979031207,0.33883358797358676,0.328740287332822,0.45566138997446226,0.5951020435499343,0.5965850838813475,0.6318639779743882,0.6817474251083229,0.5629133574834098,0.5212288229779721,0.31255693969193743,0.552850879877298,0.0898990869270553,0.32332184247308027,0.2746853037445885,0.0024904218859256337,0.1926713495254772,0.0
0.0,0.0,0.6995275979031207,0.33883358797358676,0.328740287332822,0.45566138997446226,0.591325519749991,0.5965850838813475,0.6318639779743882,0.6817474251083229,0.5629133574834098,0.5212288229779721,0.31255693969193743,0.552850879877298,0.0898990869270553,0.32332184247308027,0.2746853037445885,0.0024904218859256337,0.1926713495254772,0.0
0.0,0.0,0.6995275979031207,0.33883358797358676,0.328740287332822,0.45566138997446226,0.591325519749991,0.5965765282335793,0.6318639779743882,0.6817474251083229,0.5629133574834098,0.5212288229779721,0.31255693969193743,0.552850879877298,0.08817025833230423,0.32332184247308027,0.2746853037445885,0.0024904218859256337,0.1926713495254772,0.0
0.0,0.0,0.6995275979031207,0.33883358797358676,0.328740287332822,0.45570592863360126,0.5913315827794733,0.5971311027843096,0.6319514885867309,0.681180503799256,0.5626295486562791,0.5212288229779721,0.31255693969193743,0.552850879877298,0.08817025833230423,0.32332184247308027,0.2746853037445885,0.0024904218859256337,0.1926713495254772,0.0
0.0,0.0,0.6995275979031207,0.33883358797358676,0.328740287332822,0.45462826948754337,0.5913315827794733,0.5971311027843096,0.6319514885867309,0.681180503799256,0.5626295486562791,0.5212288229779721,0.31255693969193743,0.552850879877298,0.08817025833230423,0.32332184247308027,0.2746853037445885,0.0024904218859256337,0.1926713495254772,0.0
0.0,0.0,0.6995275979031207,0.33883358797358676,0.328740287332822,0.45462826948754337,0.5913315827794733,0.5971311027843096,0.6319514885867309,0.681180503799256,0.5626295486562791,0.5212288229779721,0.31255693969193743,0.552850879877298,0.08817025833230423,0.32332184247308027,0.2746853037445885,0.0024904218859256337,0.1926713495254772,0.0
0.0,0.0,0.6995275979031207,0.33883358797358676,0.328740287332822,0.45462826948754337,0.5913315827794733,0.5971473905240873,0.6317735950698384,0.681180503799256,0.5626295486562791,0.5212288229779721,0.31255693969193743,0.552850879877298,0.08817025833230423,0.32332184247308027,0.2746853037445885,0.0024904218859256337,0.1926713495254772,0.0
0.0,0.0,0.6995275979031207,0.33883358797358676,0.328740287332822,0.4546029746801073,0.5913315827794733,0.5971473905240873,0.6317735950698384,0.681180503799256,0.5626295486562791,0.5220140066647665,0.31255693969193743,0.5489479379646,0.08817025833230423,0.32332184247308027,0.26811953540476635,0.08140016959046416,0.29058657995218473,0.0
0.0,0.0,0.6995275979031207,0.33883358797358676,0.328740287332822,0.45660480664278946,0.5904355704283866,0.5971473905240873,0.6317735950698384,0.681180503799256,0.5626295486562791,0.5220140066647665,0.31255693969193743,0.5489479379646,0.08817025833230423,0.32332184247308027,0.26811953540476635,0.08140016959046416,0.29058657995218473,0.0
0.0,0.0,0.6995275979031207,0.33883358797358676,0.328740287332822,0.45660480664278946,0.5904355704283866,0.5971473905240873,0.6317735950698384,0.681180503799256,0.5626295486562791,0.5220140066647665,0.31255693969193743,0.5402344786318286,0.08817025833230423,0.32332184247308027,0.26811953540476635,0.08140016959046416,0.29058657995218473,0.0
0.0,0.0,0.6995275979031207,0.33883358797358676,0.32870538085077694,0.45549927922405326,0.5898753272323783,0.5971746590338837,0.6317735950698384,0.681180503799256,0.5626295486562791,0.5220140066647665,0.31255693969193743,0.5402344786318286,0.08817025833230423,0.32332184247308027,0.26811953540476635,0.08140016959046416,0.29058657995218473,0.0
0.0,0.0,0.6995275979031207,0.33883358797358676,0.32870538085077694,0.45549927922405326,0.5901180132366695,0.5971166285495855,0.6317038203579923,0.681180503799256,0.5626295486562791,0.5220140066647665,0.31255693969193743,0.5398070267766893,0.08817025833230423,0.32332184247308027,0.26811953540476635,0.08140016959046416,0.29058657995218473,0.0
0.0,0.0,0.6995275979031207,0.33883358797358676,0.32870538085077694,0.4554827635585153,0.5902155687049727,0.5970057812233127,0.6317038203579923,0.681180503799256,0.5626295486562791,0.5220140066647665,0.31255693969193743,0.5398070267766893,0.08817025833230423,0.32332184247308027,0.26811953540476635,0.08140016959046416,0.29058657995218473,0.0
0.0,0.0,0.6995275979031207,0.33883358797358676,0.32870538085077694,0.4555601538957633,0.591189238225666,0.5911350495459475,0.6317038203579923,0.681180503799256,0.5626295486562791,0.5220140066647665,0.31255693969193743,0.5398070267766893,0.08817025833230423,0.32332184247308027,0.26811953540476635,0.08140016959046416,0.29058657995218473,0.0
0.0,0.0,0.6995275979031207,0.33883358797358676,0.32807581660986856,0.4550556669087241,0.5907756229981229,0.5911350495459475,0.6317038203579923,0.681180503799256,0.5626295486562791,0.5220140066647665,0.31255693969193743,0.5398070267766893,0.08817025833230423,0.32332184247308027,0.26811953540476635,0.08140016959046416,0.29058657995218473,0.0
0.0,0.0,0.6995275979031207,0.33883358797358676,0.32807581660986856,0.4550556669087241,0.5907756229981229,0.5911350495459475,0.6317038203579923,0.681180503799256,0.5626295486562791,0.5220140066647665,0.31255693969193743,0.5398070267766893,0.08817025833230423,0.32332184247308027,0.26811953540476635,0.08140016959046416,0.29058657995218473,0.0
0.0,0.0,0.6995275979031207,0.33883358797358676,0.32807581660986856,0.4550053500126813,0.5898606307020136,0.5903662915473475,0.6297255589817441,0.681180503799256,0.5626295486562791,0.5220140066647665,0.31255693969193743,0.5398070267766893,0.08817025833230423,0.32332184247308027,0.26811953540476635,0.08140016959046416,0.29058657995218473,0.0
0.0,0.0,0.6995275979031207,0.33875696762503443,0.32807581660986856,0.4550027762848026,0.5896443635349766,0.5902145463399772,0.6297255589817441,0.681180503799256,0.5626295486562791,0.5220140066647665,0.31255693969193743,0.5398070267766893,0.08817025833230423,0.32332184247308027,0.26811953540476635,0.08140016959046416,0.29058657995218473,0.0
0.0,0.0,0.6995275979031207,0.33875696762503443,0.32806842653012874,0.45671222792363086,0.5896443635349766,0.5899930247336408,0.6297255589817441,0.681180503799256,0.5613000337336105,0.5220140066647665,0.31255693969193743,0.5398070267766893,0.08817025833230423,0.32332184247308027,0.26811953540476635,0.08140016959046416,0.29058657995218473,0.0
0.0,0.0,0.6995275979031207,0.33875696762503443,0.32806842653012874,0.45668803863856144,0.5895348077067886,0.5902669329563675,0.6297255589817441,0.681180503799256,0.5613000337336105,0.5220140066647665,0.31238017207036073,0.5398070267766893,0.08817025833230423,0.32332184247308027,0.26811953540476635,0.08140016959046416,0.29058657995218473,0.0
0.0,0.0,0.6995275979031207,0.33875696762503443,0.32839671565722,0.45661675247248645,0.5881996622368411,0.5863540033085777,0.6199724136398488,0.680889366037302,0.5613000337336105,0.5220140066647665,0.31238017207036073,0.5398070267766893,0.08817025833230423,0.32332184247308027,0.26811953540476635,0.08140016959046416,0.29058657995218473,0.0
0.0,0.0,0.6995275979031207,0.33875696762503443,0.32839671565722,0.455127401335114,0.5851565894381187,0.5805214538613737,0.6199724136398488,0.666620630580222,0.5543863997323575,0.5217755782089124,0.31238017207036073,0.5398070267766893,0.08817025833230423,0.3810342343702532,0.26811953540476635,0.08140016959046416,0.29058657995218473,0.0
0.0,0.0,0.6995275979031207,0.33875696762503443,0.3284176231578478,0.45490265285836906,0.5853672232702589,0.5835568103700647,0.6199724136398488,0.666620630580222,0.5543863997323575,0.5217755782089124,0.31238017207036073,0.5398070267766893,0.08817025833230423,0.3810342343702532,0.26811953540476635,0.08140016959046416,0.29058657995218473,0.0
0.0,0.0,0.6995275979031207,0.33875696762503443,0.3284789658341653,0.4555593804201822,0.5853672232702589,0.583697885501468,0.6199724136398488,0.666620630580222,0.5543863997323575,0.5217755782089124,0.31238017207036073,0.5398070267766893,0.08817025833230423,0.3810342343702532,0.26811953540476635,0.08140016959046416,0.29058657995218473,0.0
0.0,0.0,0.6995275979031207,0.33816708688049585,0.3284789658341653,0.4555593804201822,0.5853672232702589,0.583697885501468,0.6199724136398488,0.666620630580222,0.5543863997323575,0.5208606112722307,0.31238017207036073,0.5398070267766893,0.08817025833230423,0.3810342343702532,0.26811953540476635,0.08140016959046416,0.29058657995218473,0.0
0.0,0.0,0.6995275979031207,0.3387260040689158,0.3284789658341653,0.4555593804201822,0.5853595695796294,0.583697885501468,0.6199548747258097,0.666620630580222,0.5543863997323575,0.5208606112722307,0.31238017207036073,0.5398070267766893,0.08817025833230423,0.3810342343702532,0.26811953540476635,0.08140016959046416,0.29058657995218473,0.0
0.0,0.0,0.6995275979031207,0.3387260040689158,0.3284789658341653,0.4555593804201822,0.5853595695796294,0.583697885501468,0.6199548747258097,0.666620630580222,0.5543863997323575,0.5208606112722307,0.31238017207036073,0.5359620334918666,0.08817025833230423,0.3810342343702532,0.26811953540476635,0.08140016959046416,0.29058657995218473,0.0
0.0,0.0,0.6995275979031207,0.3387260040689158,0.3284789658341653,0.45547188793051535,0.5853595695796294,0.583697885501468,0.6199199754345723,0.666620630580222,0.5543863997323575,0.5203290335357587,0.3127230143985354,0.5359620334918666,0.08817025833230423,0.3810342343702532,0.26811953540476635,0.08140016959046416,0.29058657995218473,0.0
0.0,0.0,0.6995275979031207,0.3387260040689158,0.3284789658341653,0.45546901398161077,0.5853595695796294,0.5837105799319552,0.6142539134061584,0.6615195797286605,0.5543863997323575,0.520357764711954,0.3127230143985354,0.5359620334918666,0.08817025833230423,0.3810342343702532,0.26811953540476635,0.09534121375157804,0.29058657995218473,0.0
0.0,0.0,0.6995275979031207,0.3387260040689158,0.3284789658341653,0.4555124066917261,0.5865291465441255,0.5738193447823526,0.6130243444823734,0.652756630222333,0.5538645571912367,0.520357764711954,0.3127230143985354,0.5359620334918666,0.08817025833230423,0.3810342343702532,0.26811953540476635,0.09534121375157804,0.29058657995218473,0.0
0.0,0.0,0.6995275979031207,0.3387260040689158,0.3284789658341653,0.4555124066917261,0.5865291465441255,0.5738193447823526,0.6133137481485604,0.652756630222333,0.5538645571912367,0.520357764711954,0.3127230143985354,0.5359620334918666,0.08817025833230423,0.3810342343702532,0.26811953540476635,0.09534121375157804,0.29058657995218473,0.0
0.0,0.0,0.6995275979031207,0.3387260040689158,0.3284789658341653,0.4555124066917261,0.5865291465441255,0.5738193447823526,0.6132422085254597,0.664193263972907,0.5609925662337706,0.520357764711954,0.3127230143985354,0.5359620334918666,0.08817025833230423,0.3810342343702532,0.26811953540476635,0.09534121375157804,0.29058657995218473,0.0
0.0,0.0,0.6995275979031207,0.3387260040689158,0.3283529211306797,0.4539697773174284,0.5864766703915723,0.573989121898323,0.6132422085254597,0.6642341488981924,0.5610046423017748,0.520357764711954,0.3127230143985354,0.5359620334918666,0.08817025833230423,0.3810342343702532,0.26811953540476635,0.09534121375157804,0.29058657995218473,0.0
0.0,0.0,0.6995275979031207,0.3387260040689158,0.3283529211306797,0.4539697773174284,0.5864705265310032,0.573989121898323,0.6132427603521217,0.6642341488981924,0.5610046423017748,0.520357764711954,0.3127230143985354,0.49461846145307936,0.18584336027344633,0.36404115231952144,0.26811953540476635,0.09534121375157804,0.29058657995218473,0.0
0.0,0.0,0.6995275979031207,0.3387260040689158,0.3282472436551935,0.4539638794522269,0.5864705265310032,0.5738144491968536,0.6132427603521217,0.6642341488981924,0.5607478916067463,0.520357764711954,0.3127230143985354,0.49461846145307936,0.18584336027344633,0.36404115231952144,0.26811953540476635,0.09534121375157804,0.29058657995218473,0.0
0.0,0.0,0.6995275979031207,0.3385672704463439,0.3279716738277223,0.4539638794522269,0.5864333111372616,0.5738144491968536,0.6132427603521217,0.6642341488981924,0.5607478916067463,0.520357764711954,0.3127230143985354,0.49461846145307936,0.18584336027344633,0.36404115231952144,0.26811953540476635,0.09534121375157804,0.29058657995218473,0.0
0.0,0.0,0.6995275979031207,0.3385672704463439,0.3279716738277223,0.4539638794522269,0.5864333111372616,0.5738135413226663,0.6132427603521217,0.6645246225934226,0.5607478916067463,0.5204417168791188,0.3144050948178382,0.44156083705474625,0.18584336027344633,0.36404115231952144,0.26811953540476635,0.09534121375157804,0.29058657995218473,0.0
0.0,0.0,0.6995275979031207,0.3385672704463439,0.3279716738277223,0.4538121751124851,0.5863699369565682,0.5738877694389676,0.6132427603521217,0.6645246225934226,0.5607478916067463,0.5204417168791188,0.3144050948178382,0.44156083705474625,0.18584336027344633,0.36404115231952144,0.26811953540476635,0.09534121375157804,0.29058657995218473,0.0
0.0,0.0,0.6995275979031207,0.3385672704463439,0.3279716738277223,0.45377747417683273,0.5863699369565682,0.5675971748140968,0.6219186176099836,0.6640228776135549,0.5607478916067463,0.5204417168791188,0.3144050948178382,0.44156083705474625,0.18584336027344633,0.36404115231952144,0.26811953540476635,0.09534121375157804,0.29058657995218473,0.0
0.0,0.0,0.6995275979031207,0.3383925609597167,0.3278596851933719,0.45361468237045766,0.5863699369565682,0.5698719388570295,0.6219186176099836,0.6640228776135549,0.5615799398641286,0.5204417168791188,0.3144050948178382,0.44156083705474625,0.18584336027344633,0.36404115231952144,0.26811953540476635,0.09534121375157804,0.29058657995218473,0.0
0.0,0.0,0.6995275979031207,0.3331422821811644,0.3278596851933719,0.45361468237045766,0.5863699369565682,0.5698719388570295,0.6219186176099836,0.6429350278423646,0.55090294671774,0.5204417168791188,0.3144050948178382,0.44156083705474625,0.18584336027344633,0.36404115231952144,0.26811953540476635,0.09534121375157804,0.29058657995218473,0.0
0.0,0.0,0.6995275979031207,0.3331422821811644,0.33092850534855517,0.4528312373231857,0.5863699369565682,0.5698719388570295,0.6210780760710932,0.6429350278423646,0.55090294671774,0.5204417168791188,0.3144050948178382,0.44156083705474625,0.18584336027344633,0.36404115231952144,0.26811953540476635,0.09534121375157804,0.29058657995218473,0.0
0.0,0.0,0.6995275979031207,0.3331422821811644,0.33092850534855517,0.45171622859177346,0.5894842784800012,0.5698719388570295,0.6210780760710932,0.6429350278423646,0.55090294671774,0.5204417168791188,0.3144050948178382,0.44156083705474625,0.18584336027344633,0.36404115231952144,0.26811953540476635,0.09534121375157804,0.29058657995218473,0.0
0.0,0.0,0.6995275979031207,0.3331422821811644,0.33092850534855517,0.45171622859177346,0.5895634981493235,0.5698719388570295,0.6210780760710932,0.6429350278423646,0.55090294671774,0.5204417168791188,0.3144050948178382,0.44156083705474625,0.18584336027344633,0.36404115231952144,0.26811953540476635,0.09534121375157804,0.29058657995218473,0.0
0.0,0.0,0.6995275979031207,0.3331422821811644,0.33092850534855517,0.45170663709810577,0.5895634981493235,0.5698467599148517,0.6210780760710932,0.6420993033920513,0.5505977227212597,0.5204417168791188,0.3127575993025108,0.44156083705474625,0.18584336027344633,0.36404115231952144,0.26570623207327226,0.09534121375157804,0.29058657995218473,0.0
0.0,0.0,0.6995275979031207,0.3331422821811644,0.33092850534855517,0.45170663709810577,0.5899055314196908,0.5698467599148517,0.6210780760710932,0.6199238750129735,0.543684735599245,0.5204417168791188,0.3127575993025108,0.44156083705474625,0.18584336027344633,0.36404115231952144,0.26570623207327226,0.09534121375157804,0.29058657995218473,0.0
0.0,0.0,0.6995275979031207,0.3331422821811644,0.33092850534855517,0.4507979786186363,0.5899055314196908,0.5710449045056801,0.6210780760710932,0.6199238750129735,0.543684735599245,0.5204417168791188,0.308251192953837,0.4215399892353843,0.1850012600109255,0.36404115231952144,0.26386930906263223,0.09534121375157804,0.29058657995218473,0.0
0.0,0.0,0.6995275979031207,0.3331422821811644,0.33092850534855517,0.4507979786186363,0.5899055314196908,0.5710449045056801,0.6210780760710932,0.6199238750129735,0.543684735599245,0.5204417168791188,0.308251192953837,0.4215399892353843,0.1850012600109255,0.36404115231952144,0.26386930906263223,0.09534121375157804,0.28604997948906147,0.0
0.0,0.0,0.6995275979031207,0.3331422821811644,0.33092850534855517,0.4507979786186363,0.5899055314196908,0.5709530864778934,0.6203059892132675,0.6196237876950839,0.5432510531358402,0.5204417168791188,0.308251192953837,0.4215399892353843,0.1817551531157177,0.36404115231952144,0.26386930906263223,0.09534121375157804,0.3220948652394347,0.0
0.0,0.0,0.6995275979031207,0.3331422821811644,0.33092850534855517,0.45029304629481676,0.587642723698918,0.5713782138340052,0.622485863364023,0.629311467629883,0.5487183528669307,0.5285882604152272,0.308251192953837,0.4215399892353843,0.1817551531157177,0.36404115231952144,0.26386930906263223,0.09534121375157804,0.3220948652394347,0.0
0.0,0.0,0.6995275979031207,0.3331422821811644,0.33092850534855517,0.4503148451851986,0.5876821321741784,0.5712531184329389,0.6225122242393742,0.629311467629883,0.5487183528669307,0.5250018392477585,0.30689606624384413,0.4121990791470206,0.35412596432845656,0.3600512341676693,0.26386930906263223,0.09534121375157804,0.3220948652394347,0.0
0.0,0.0,0.6995275979031207,0.3331422821811644,0.33092850534855517,0.45036775757654457,0.5876368719380761,0.5712531184329389,0.6225122242393742,0.629311467629883,0.5487183528669307,0.5250018392477585,0.30689606624384413,0.4121990791470206,0.35412596432845656,0.3600512341676693,0.26386930906263223,0.09534121375157804,0.3220948652394347,0.0
0.0,0.0,0.6995275979031207,0.33339711981180575,0.33375958756333846,0.4456006191482671,0.5876368719380761,0.5708827745341357,0.6197874047049667,0.6276352148425396,0.5482857613672085,0.5250018392477585,0.30689606624384413,0.4121990791470206,0.35412596432845656,0.3600512341676693,0.26386930906263223,0.09534121375157804,0.3220948652394347,0.0
0.0,0.0,0.6995275979031207,0.33339711981180575,0.33375958756333846,0.4456006191482671,0.5876368719380761,0.5708148948164168,0.6195562799777283,0.6276352148425396,0.5482857613672085,0.5250018392477585,0.30688869286553533,0.4121990791470206,0.35412596432845656,0.3600512341676693,0.26386930906263223,0.09534121375157804,0.3220948652394347,0.0
0.0,0.0,0.6995275979031207,0.33339711981180575,0.33375958756333846,0.44552633305075745,0.5876368719380761,0.5708148948164168,0.6195562799777283,0.6276352148425396,0.5482857613672085,0.5249089846034072,0.30689488884349453,0.4121990791470206,0.35412596432845656,0.3600512341676693,0.26386930906263223,0.09534121375157804,0.32071274252403986,0.0
0.0,0.0,0.6995275979031207,0.33375801452370235,0.33313793009251924,0.4455323435174192,0.5873783450955933,0.5708422300657774,0.6196060144085547,0.6276352148425396,0.5493555416762653,0.5249089846034072,0.30689488884349453,0.4121990791470206,0.35412596432845656,0.3600512341676693,0.26386930906263223,0.09534121375157804,0.32071274252403986,0.0
0.0,0.0,0.6995275979031207,0.33375801452370235,0.33313793009251924,0.4454423751994565,0.5873783450955933,0.5708422300657774,0.6196060144085547,0.6276352148425396,0.5479867876878639,0.5249089846034072,0.30689488884349453,0.4121990791470206,0.35412596432845656,0.3600512341676693,0.26386930906263223,0.09534121375157804,0.32071274252403986,0.0
0.0,0.0,0.6995275979031207,0.33375801452370235,0.33313793009251924,0.4454423751994565,0.58817194235177,0.574835389655758,0.620905911134793,0.6276352148425396,0.5482358086637471,0.5249089846034072,0.30689488884349453,0.4121990791470206,0.35412596432845656,0.3600512341676693,0.26386930906263223,0.09534121375157804,0.32071274252403986,0.0
0.0,0.0,0.6995275979031207,0.33375801452370235,0.33313793009251924,0.4454636528964658,0.58817194235177,0.574835389655758,0.620905911134793,0.6275921444180329,0.5481480605077547,0.5249089846034072,0.30689488884349453,0.4121990791470206,0.35412596432845656,0.3600512341676693,0.26386930906263223,0.09534121375157804,0.32071274252403986,0.0
0.0,0.0,0.6995275979031207,0.33369359590563485,0.3332346037278217,0.4454636528964658,0.58817194235177,0.574835389655758,0.620905911134793,0.6275921444180329,0.5482301391593128,0.5246824719094539,0.32223612789967343,0.4121990791470206,0.35412596432845656,0.3600512341676693,0.26386930906263223,0.09534121375157804,0.32071274252403986,0.0
0.0,0.0,0.6995275979031207,0.33369359590563485,0.3332346037278217,0.44539107790104493,0.5888497995706857,0.574835389655758,0.620905911134793,0.6275921444180329,0.5482301391593128,0.5246824719094539,0.32223612789967343,0.4121990791470206,0.35412596432845656,0.3600512341676693,0.26386930906263223,0.09534121375157804,0.32071274252403986,0.0
0.0,0.0,0.6995275979031207,0.33369359590563485,0.3332346037278217,0.44539107790104493,0.588809018001982,0.574835389655758,0.620905911134793,0.6275921444180329,0.5482301391593128,0.5246824719094539,0.32223612789967343,0.4121990791470206,0.35412596432845656,0.3600512341676693,0.26386930906263223,0.09534121375157804,0.32071274252403986,0.0
0.0,0.0,0.6995275979031207,0.33369359590563485,0.3332346037278217,0.4454048327477212,0.588809018001982,0.574835389655758,0.620905911134793,0.6275921444180329,0.5482301391593128,0.5246824719094539,0.32223612789967343,0.4121990791470206,0.35412596432845656,0.3600512341676693,0.26386930906263223,0.09534121375157804,0.32071274252403986,0.0
0.0,0.0,0.6995275979031207,0.3344163975446173,0.3332346037278217,0.4454048327477212,0.588809018001982,0.574835389655758,0.620905911134793,0.6275921444180329,0.5493892988905048,0.5246824719094539,0.32223612789967343,0.4121990791470206,0.35412596432845656,0.3600512341676693,0.26386930906263223,0.09534121375157804,0.32071274252403986,0.0
0.0,0.0,0.6995275979031207,0.3344163975446173,0.3332346037278217,0.4457945833636752,0.5888046560752753,0.574835389655758,0.620905911134793,0.6275921444180329,0.5493892988905048,0.5246824719094539,0.32223612789967343,0.4121990791470206,0.35412596432845656,0.3600512341676693,0.26386930906263223,0.09534121375157804,0.32071274252403986,0.0
0.0,0.0,0.6995275979031207,0.3344163975446173,0.3332346037278217,0.4457945833636752,0.5888135634699316,0.574835389655758,0.620905911134793,0.6275921444180329,0.5493892988905048,0.5246824719094539,0.32223612789967343,0.4121990791470206,0.35412596432845656,0.3600512341676693,0.26386930906263223,0.09534121375157804,0.32071274252403986,0.0
0.0,0.0,0.6995275979031207,0.3344163975446173,0.3332346037278217,0.44579051004149706,0.5888135634699316,0.5753838284947587,0.6206735072177486,0.627052912656053,0.5489362416754026,0.5246824719094539,0.32223612789967343,0.4121990791470206,0.35412596432845656,0.3600512341676693,0.26386930906263223,0.09534121375157804,0.32071274252403986,0.0
0.0,0.0,0.6995275979031207,0.3343406829357722,0.3332346037278217,0.44579051004149706,0.5888135634699316,0.5753838284947587,0.6206735072177486,0.627052912656053,0.5489362416754026,0.5246824719094539,0.32223612789967343,0.4121990791470206,0.35412596432845656,0.3600512341676693,0.26386930906263223,0.09534121375157804,0.32071274252403986,0.0
0.0,0.0,0.6995275979031207,0.32537056953132293,0.33182819170542677,0.44579051004149706,0.5888135634699316,0.5753838284947587,0.6206735072177486,0.627052912656053,0.5489362416754026,0.5246824719094539,0.32223612789967343,0.4121990791470206,0.35412596432845656,0.3600512341676693,0.26386930906263223,0.09534121375157804,0.32071274252403986,0.0
0.0,0.0,0.6995275979031207,0.32537056953132293,0.33182819170542677,0.44579051004149706,0.5888261379578542,0.5753838284947587,0.6206735072177486,0.627052912656053,0.5489362416754026,0.5246824719094539,0.32223612789967343,0.4121990791470206,0.35412596432845656,0.3600512341676693,0.26386930906263223,0.09534121375157804,0.32071274252403986,0.0
0.0,0.0,0.6995275979031207,0.32537056953132293,0.331304337976176,0.44579051004149706,0.5888111558378398,0.5752633989415986,0.6206735072177486,0.6269116493273204,0.5489173238312425,0.5246824719094539,0.32223612789967343,0.4121990791470206,0.35412596432845656,0.3600512341676693,0.26386930906263223,0.09534121375157804,0.32071274252403986,0.0
0.0,0.0,0.6995275979031207,0.32537056953132293,0.331304337976176,0.4457484462782857,0.5888111558378398,0.5752633989415986,0.6206735072177486,0.6269116493273204,0.5489173238312425,0.5246824719094539,0.32223612789967343,0.4101139653365078,0.35412596432845656,0.3600512341676693,0.26386930906263223,0.09534121375157804,0.32071274252403986,0.0
0.0,0.0,0.6995275979031207,0.32537056953132293,0.331304337976176,0.4457484462782857,0.5888111558378398,0.5752633989415986,0.621141046362964,0.6269116493273204,0.5488891332528155,0.5196116836325667,0.3221780680475133,0.40074148326221537,0.35412596432845656,0.3600512341676693,0.26386930906263223,0.09534121375157804,0.32071274252403986,0.0
0.0,0.0,0.0,0.0,0.0,0.27572121354463297,0.5276093399341849,0.0,0.0,0.0,0.0,0.0,0.0,0.0,0.0,0.0,0.0,0.0,0.0,0.0
0.0,0.0,0.0,0.0,0.0,0.27572121354463297,0.5276093399341849,0.0,0.0,0.0,0.0,0.0,0.0,0.0,0.0,0.0,0.0,0.0,0.09974602085826464,0.0
0.0,0.0,0.0,0.0,0.0,0.27005549656669164,0.5231540542065597,0.46871010895079573,0.5722156826122732,0.4984607041537509,0.03341289881948241,0.0,0.0,0.0,0.0,0.0,0.0,0.0,0.09974602085826464,0.0
0.0,0.0,0.0,0.0,0.0,0.22808948956567188,0.5231540542065597,0.46871010895079573,0.5722156826122732,0.4984607041537509,0.03341289881948241,0.0,0.0,0.0,0.0,0.0,0.0,0.0,0.09974602085826464,0.0
0.0,0.0,0.0,0.0,0.0,0.22808948956567188,0.5228918610160898,0.46871010895079573,0.5722156826122732,0.4984607041537509,0.03341289881948241,0.0,0.0,0.0,0.0,0.0,0.0,0.0,0.09974602085826464,0.0
0.0,0.0,0.0,0.0,0.0,0.22808948956567188,0.5228918610160898,0.46871010895079573,0.5722156826122732,0.4984607041537509,0.03341289881948241,0.0,0.0,0.0,0.0,0.0,0.044939497775141106,0.0,0.09974602085826464,0.0
0.0,0.0,0.0,0.1606425702811245,0.5068804993982795,0.19069421194165656,0.5210936979430569,0.46871010895079573,0.5722156826122732,0.4984607041537509,0.03341289881948241,0.0,0.0,0.0,0.0,0.0,0.044939497775141106,0.0,0.09974602085826464,0.0
0.0,0.0,0.0,0.1606425702811245,0.5068804993982795,0.19890401434460028,0.5140345708054268,0.41470568904188715,0.4260776485089011,0.3045824638025214,0.4296146190930563,0.3085162276796212,0.1748946439867571,0.0,0.0,0.0,0.044939497775141106,0.0,0.09974602085826464,0.0
0.0,0.0,0.0,0.1606425702811245,0.5068804993982795,0.24447502666603502,0.5140345708054268,0.41470568904188715,0.4260776485089011,0.3045824638025214,0.608095114362538,0.3085162276796212,0.1748946439867571,0.0,0.0,0.0,0.044939497775141106,0.0,0.09974602085826464,0.0
0.0,0.0,0.0,0.1606425702811245,0.5068804993982795,0.24447502666603502,0.5140345708054268,0.41470568904188715,0.4260776485089011,0.3045824638025214,0.608095114362538,0.3085162276796212,0.1748946439867571,0.0,0.0,0.0,0.044939497775141106,0.0,0.09974602085826464,0.0
0.0,0.0,0.0,0.1606425702811245,0.5068804993982795,0.24447502666603502,0.5140345708054268,0.41470568904188715,0.4260776485089011,0.3045824638025214,0.608095114362538,0.3085162276796212,0.1748946439867571,0.0,0.0,0.0,0.044939497775141106,0.0,0.0673273451010226,0.0
0.0,0.0,0.0,0.1606425702811245,0.5068804993982795,0.323771212975189,0.5312033435280961,0.4189126032623361,0.4260776485089011,0.27636847489203387,0.5381713831014954,0.4440661153698671,0.1748946439867571,0.0,0.0,0.43489913347428144,0.044939497775141106,0.0,0.0673273451010226,0.0
0.0,0.0,0.0,0.1606425702811245,0.5068804993982795,0.323771212975189,0.5312657349481698,0.4189126032623361,0.4260776485089011,0.27636847489203387,0.5381713831014954,0.4440661153698671,0.1748946439867571,0.0,0.0,0.43489913347428144,0.044939497775141106,0.0,0.0673273451010226,0.0
0.0,0.0,0.0,0.38379593243727433,0.46472794346897167,0.319997130732657,0.5312657349481698,0.4189126032623361,0.4260776485089011,0.27636847489203387,0.5381713831014954,0.4440661153698671,0.1748946439867571,0.0,0.0,0.43489913347428144,0.044939497775141106,0.0,0.0673273451010226,0.0
0.0,0.0,0.0,0.38379593243727433,0.46472794346897167,0.319997130732657,0.5304717368647323,0.4110087463192597,0.4260776485089011,0.2456763379657801,0.4979258811880684,0.4440661153698671,0.1748946439867571,0.0,0.0,0.43489913347428144,0.044939497775141106,0.0,0.0673273451010226,0.0
0.0,0.0,0.0,0.38379593243727433,0.46472794346897167,0.319997130732657,0.5304717368647323,0.4110087463192597,0.48617375097770466,0.2456763379657801,0.49666248650842426,0.2476296241262008,0.21358959206114572,0.34111449492637635,0.0,0.43489913347428144,0.044939497775141106,0.0,0.0673273451010226,0.0
0.0,0.0,0.0,0.5387916849018058,0.46472794346897167,0.319997130732657,0.5287843329126416,0.4110087463192597,0.48617375097770466,0.2456763379657801,0.49652792773789767,0.2476296241262008,0.21358959206114572,0.34111449492637635,0.0,0.43489913347428144,0.044939497775141106,0.0,0.0673273451010226,0.0
0.0,0.0,0.0,0.5387916849018058,0.47834895657218574,0.2970748636774446,0.5270618136663258,0.4110087463192597,0.44666796275736526,0.2456763379657801,0.49652792773789767,0.2476296241262008,0.21358959206114572,0.34111449492637635,0.0,0.43489913347428144,0.044939497775141106,0.0,0.0673273451010226,0.0
0.0,0.0,0.0,0.5387916849018058,0.47834895657218574,0.2970748636774446,0.5270618136663258,0.4110087463192597,0.44666796275736526,0.27453607100776795,0.49620322176100207,0.2476296241262008,0.21358959206114572,0.34111449492637635,0.0,0.43489913347428144,0.044939497775141106,0.0,0.0673273451010226,0.0
0.0,0.0,0.0,0.5387916849018058,0.47834895657218574,0.2970748636774446,0.5270618136663258,0.4110087463192597,0.44666796275736526,0.2689723838862059,0.4989421828395452,0.2476296241262008,0.21358959206114572,0.34111449492637635,0.0,0.43489913347428144,0.044939497775141106,0.0,0.0673273451010226,0.0
